100020508229,非常好，配置很高，价格便宜,2022-12-01 15:12:39,5
100020508229,刚好做活动，价格便宜了很多，性价比超高，真的特别划算,2022-12-01 11:51:46,5
100020508229,"大户人家 买了这么多 当上第二天就到了 因为疫情现在才来评价 
品牌电脑不用说的 棒棒哒",2022-12-01 11:40:57,5
100020508229,戴尔电脑不错，商务版，价格合适，配置高,2022-12-01 10:15:44,5
100020508229,多次购买了dell的电脑，真的是居家办公必不可少，外观好看，又时尚，性能配置档都不错，总体性价比十分高，十分适合办公室使用。,2022-12-01 01:23:57,5
100020508229,棒棒哒棒棒哒,2022-11-30 23:53:02,5
100020508229,使用流畅，内存大，运行速度给力，满意的购物,2022-11-30 21:37:26,5
100020508229,差！后面的插孔少，孩子上网课，安装个话筒，太费劲了，一天也没安装好，太不方便了，不好！！！,2022-11-30 18:43:07,5
100020508229,及，机箱小巧，键盘鼠标和以前一样。好用,2022-11-30 18:00:58,5
100020508229,非常好的电脑，回购很多次了,2022-11-30 16:45:41,5
100020508229,机箱小巧，噪音低，响应速度快。不亏是大厂出品。,2022-11-30 13:49:15,5
100020508229,电脑可以，反应速度很快，运行速度也很快，很满意的一次购物。,2022-11-30 12:41:03,5
100020508229,很好?????？好?？好?？好?？好,2022-11-30 11:04:50,5
100020508229,11月22号到货，当天安装开机，到现在已经死机两次了,2022-11-30 10:26:57,1
100020508229,机箱很小巧，可以直接放在桌面上，戴尔电脑质量值得信赖。京东物流很快，第二天早上就送到了，点赞。性能够用，后面可以升级内存。,2022-11-30 10:23:28,4
100020508229,小巧，速度快，买了好几台了！,2022-11-30 07:16:09,5
100020508229,小巧，速度快，买了好几台了！,2022-11-30 07:15:55,5
100020508229,小巧，速度快，买了好几台了！,2022-11-30 07:14:07,5
100020508229,老牌子，用了好多年，买了好几台。,2022-11-30 00:22:42,5
100020508229,不错，非常满意的一次网购。,2022-11-29 21:40:11,5
100020508229,不错，非常满意的一次网购。,2022-11-29 21:40:01,5
100020508229,还是非常不错的，性价比不错,2022-11-29 21:36:46,5
100020508229,不错的宝贝,2022-11-29 21:24:42,5
100020508229,特殊原因学生们提前放假需要在家上网课，赶紧买了电脑，屏幕大，不伤眼睛，戴尔的大品牌，质量信得过，家里的笔记本也是戴尔的，用了好几年了，挺好的。,2022-11-29 21:12:49,5
100020508229,说实话，电脑还是不错。速度还行！就是机箱有嗡嗡的响声，我跟客服说送我一个垫子隔绝响声，也没给。主机下垫个东西应该就没什么声音了,2022-11-29 17:44:48,5
100020508229,双十一活动买的，价格优惠，质量也好，办公足够用了,2022-11-29 17:05:09,5
100020508229,主机体积大小合适，不占地方，性价比高，新同事用正好。,2022-11-29 15:59:56,5
100020508229,主机非常小巧很喜欢。,2022-11-29 15:15:49,5
100020508229,"要说性能稳定还是台式机，在笔记本和台式机里纠结了很长时间，考虑到性价比还是选择了台式机，家里的笔记本年数多了，办公卡的不行，再三考虑还是选择了戴尔台式机，性能很稳定，开机十几秒，没用鲁大师跑分，对于仅仅办公刷刷视频的我来说足够了，下了PS,cad不影响运行速度，用不太惯win11，但速度很快，不知道为什么微信里的word ,excel打不开，可能是WPS和microsoft不兼容吧。封控在家，办公巴适得很。机箱比组装的小的多。不用了自动休眠，没玩大型游戏，机箱没热过。",2022-11-29 12:40:37,5
100020508229,"外观：小巧精致，不占地方，不错????
性能：选的这个配置还是不错的，快又稳，不错????
价格：没有参与啥活动，不过还好吧，也不错??
物流：京东物流快速上门，不错???",2022-11-29 12:12:54,5
100020508229,此用户未填写评价内容,2022-11-29 12:03:55,5
100020508229,"质量非常好,与卖家描述的完全一致,16G运存加12代I5办公完全够用，1T+256G的存储空间也完全足够。真的很喜欢,完全超出期望值,发货速 度非常快,包装非常仔细、严实,京东物流公司服务态度很好,运送速度很快,很满意的一次购物质量很好, 希望更多的朋友信赖京东. 客服态度特好, 我会再次光顾的，发货迅速，态度很好，很满意！很好很好！下次有机会再找你，客服人蛮好的，东东很不错,淘到心意的宝贝是一件让人很开心的事，比心。",2022-11-29 10:27:54,5
100020508229,"质量非常好,与卖家描述的完全一致, 16G的运存配合12代I5，办公完全够用，1T+256的存储空间也完全足够。真的很喜欢,完全超出期望值,发货速 度非常快,包装非常仔细、严实,京东物流公司服务态度很好,运送速度很快,很满意的一次购物质量很好, 希望更多的朋友信赖京东. 客服态度特好, 我会再次光顾的，发货迅速，态度很好，很满意！很好很好！下次有机会再找你，客服人蛮好的，东东很不错,淘到心意的宝贝是一件让人很开心的事，比心。",2022-11-29 10:21:25,5
100020508229,"金属外壳,黑色外观,纤细的身材，这是我对这款电脑的一些观点:外形外观:和文件夹一样大,比想象中还要轻,方便安放,很满意,运行速度:开机顺畅,反应灵敏,内存够大。软件方面:正版windowns,还预装了office,大气。精挑细选出来的",2022-11-29 09:30:39,5
100020508229,配送很快，机箱外观好看，速度快，推荐,2022-11-28 23:13:32,5
100020508229,此用户未填写评价内容,2022-11-28 20:55:17,5
100020508229,还行吧，性价比一般，希望活动多多。。。。,2022-11-28 18:54:20,5
100020508229,非常完美的一款电脑，性价比超高的。下次还会再来，信任京东自营,2022-11-28 13:02:49,5
100020508229,体积很小，不占地方，Win11比想象中的好用，激活时一直提示登陆windows账户，似乎没法跳过，选择跳过就不动了，接口丰富，ssd速度很快，另外宣称的100万小时稳定运行，指的并不是可以用用100多年哦！,2022-11-28 12:39:06,5
100020508229,屏幕超级大，主机很小巧，棒棒的?,2022-11-28 10:01:23,5
100020508229,机器很巧妙，性能很强劲，上一个是戴尔的笔记本，这次买了个台式的，很好用,2022-11-28 10:00:44,5
100020508229,物流配送很快，性价比不错。,2022-11-27 16:47:37,5
100020508229,棒棒哒电脑? 爱了爱了,2022-11-27 13:58:14,5
100020508229,总体来说还不错,2022-11-27 08:15:18,5
100020508229,非常满意用起来不错值得入手,2022-11-27 01:14:24,5
100020508229,戴尔台式机成就3710，11月11日光棍节下单，然后自己安装，用了十多天，感觉非常好，颜值高，清晰度1080P显示器还不错，内存大，速度快，系统流畅，Windows11系统，英特尔处理器，值得购买，下次还选戴尔国际大品牌电脑，质量一流，售后保障，180天只换不修，3年保修！,2022-11-26 23:27:37,5
100020508229,不错,2022-11-26 22:39:36,5
100020508229,电脑显示屏够大，电脑性能测试好。,2022-11-26 22:23:19,5
100020508229,竟然没有声音，还需要再买音响,2022-11-26 20:38:44,1
100020508229,大小合适，做工精良，出口品质，最满意的一次淘货，很喜欢，下次会再来！,2022-11-26 15:43:08,5
100020508229,配送速度很快，公司采购，批量采购，机子运行速度很快，几秒就开机了。扩展性很好，之后可以加内存或硬盘都可以。,2022-11-26 10:11:02,5
100020508229,戴尔电脑用着不错，开机很快，办公用着不错，这是家里买的第二台戴尔电脑了，很喜欢,2022-11-26 09:55:41,5
100020508229,主机小巧玲珑windowS 11全新界面，不错不错,2022-11-26 09:11:54,5
100020508229,戴尔台式机，扛扛的，喜欢的朋友敢紧下手。,2022-11-25 23:49:12,5
100020508229,此用户未填写评价内容,2022-11-25 23:14:12,5
100020508229,"高大上
机箱小，特方便
正在安装，使用后再做评价",2022-11-25 21:14:39,5
100020508229,产品包装精致美观大气，目前用着非常不错，真实评价，希望可以帮到集美们,2022-11-25 20:18:41,5
100020508229,质量不好，老蓝屏，厂家师傅来了，说是和系统不匹配导致蓝屏,2022-11-25 17:40:51,5
100020508229,电脑不错，就是后来才看到价格比1号店贵，办公软件要另外收费。大屏和机箱分仓发的，重庆疫情，京东不错，一直都保证了物流配送,2022-11-25 17:21:09,5
100020508229,真的是不错啊。颜值高性价比高,2022-11-25 14:36:45,5
100020508229,送货慢   价格是实惠的,2022-11-25 13:40:15,5
100020508229,电脑主机小巧，运行速度快，就是显示器一般般。,2022-11-25 12:44:28,5
100020508229,好用,2022-11-25 12:00:30,5
100020508229,电脑非常好，用起来比较快捷，不错的购物体验,2022-11-25 11:27:13,5
100020508229,还没用，暂时不清楚，但电脑与主机连接线好像有接口，,2022-11-25 10:00:34,1
100020508229,上周买回来开机，外观小巧，进入系统一切顺利。给客户配套试用的，当时就发现会偶尔黑屏闪烁一下，以为是客户显示屏问题，没有在意。后来拿回来试用，又出现黑屏闪烁几次。晚上咨询京东客服，建议重置系统、升级显卡驱动。自行恢复出厂，升级更新后，仍然出现2-3 次黑屏闪烁1-2 秒后恢复正常。另外发现恢复出厂后，出厂自带的McAfee等软件不见了，得自己联系dell技术支持另外下载安装处理，比较麻烦，正在尝试按照技术人员的方法解决。7天无理由退换，有一条件是不能激活windows系统，开机试用不就得进系统吗？但愿机器硬件没有问题，软件我们自己调试安装应该可以解决好。先给予中评，待实际使用后再追评。,2022-11-25 09:05:59,3
100020508229,好的，一直在京东买电脑。,2022-11-24 23:07:10,5
100020508229,物流很快，?产品很快就收到了，比想象中还好，不错不错！希望能耐用,2022-11-24 21:15:36,5
100020508229,质量很好，一直京东购物，速度快，售后服务也好！,2022-11-24 19:34:56,5
100020508229,直接送到办公室的，简单安装后就立马可以使用,2022-11-24 16:31:55,5
100020508229,以双11的活动价格购买的，已经是第5次购买了，很好~,2022-11-24 16:08:58,5
100020508229,不错，正在使用看看效果啦,2022-11-24 14:37:13,5
100020508229,京东品质，物流很快&hellip;&hellip;,2022-11-24 14:01:26,5
100020508229,发货快，物流快，企业采购，会回购,2022-11-24 13:36:57,5
100020508229,"机箱外观：小巧玲珑
性能配置：高，速度快",2022-11-24 13:09:40,5
100020508229,很好很快一直都在京东买,2022-11-24 09:59:22,5
100020508229,戴尔电脑不错，继续使用.,2022-11-24 06:21:27,5
100020508229,价格非常划算，12代CPU里非常有性价比的,2022-11-23 22:58:26,5
100020508229,第一次开机就卡住了几次,2022-11-23 20:32:54,5
100020508229,商品质量不好，买回来才开过一次，然后用不了了，可能是冒牌的，四千多块钱?啊？客气服务态度不好，不会叫我问技术,2022-11-23 18:46:06,5
100020508229,电脑特别好，主机不占地方，屏幕尺寸也正好，家用简直太合适了！运行速度也不错！还是品牌好啊！推荐推荐推荐！重要的事说三遍！,2022-11-23 15:49:06,5
100020508229,很好,2022-11-23 14:05:04,5
100020508229,京东品质，送货很快&hellip;&hellip;,2022-11-23 12:17:34,5
100020508229,京东品质，送货很快！ 戴尔品牌机质量挺好&hellip;&hellip;,2022-11-23 12:16:15,5
100020508229,"戴尔这个3710品牌电脑,体积小，配件都非常紧凑。年轻的时候声音也很小。重量也很轻。性价比也很高。下次还是会继续来购买。",2022-11-23 11:00:46,5
100020508229,不错，买了4台办公用,2022-11-23 10:24:19,5
100020508229,非常不错，主机小巧玲珑，搬动也很方便,2022-11-23 10:23:36,5
100020508229,感觉不错，机箱小巧轻便，用用再说。,2022-11-22 23:54:44,5
100020508229,"机箱外观：精致，小巧
性能配置：作为办公来说足够了
机箱太小也有弊端，后期想升级估计是不太可能了",2022-11-22 23:35:43,5
100020508229,给公司买的，质量不错，会继续光顾,2022-11-22 22:43:04,5
69323521941,很好的购物体验，看视频很流畅，客服也很耐心，会介绍朋友来购买。,2021-06-18 15:14:34,5
69323521941,非常满意，噪音很小，开机速度杠杠的，只用了8秒。非常满意的一次网购！！,2022-04-10 23:06:32,5
69323521941,商家包装很用心，主机成色也很不错！刚用，目前开机速度12秒，静音效果也杆杆地，过段时间再来追评，先给个5星好评！,2022-11-16 15:34:06,5
69323521941,非常满意，符合预期，加了一块固态硬盘，开机速度和运行速度都很快。,2022-03-20 08:29:52,5
69323521941,朋友介绍买的，开机很快，播放流畅，很满意的一次购物。,2021-08-15 15:41:39,5
69323521941,很好，配置很好，很新，运行速度很快，已经是第二次购买了，而且是2台。,2021-10-11 17:23:43,5
69323521941,非常好，运行速度很快，没想到二手的还有这么好，出乎意料。,2021-08-09 11:25:41,5
69323521941,下单前看了好几家，这店关注的人数多，买家评论好，于是向客服咨询，他们很耐心的回复，618下午下单，620上午就收到了??店家按照我的需要加了光驱～～～开机就可用，非常感谢！,2021-06-20 11:48:43,5
69323521941,价格实惠量又足，一站式服务，省心省力又给力。超级给力超级赞,2021-03-12 14:38:14,5
69323521941,绝对满意，京东最成果的购买，价格实惠，性价比杠杠的，这个价格要什么自行车,2021-01-05 11:03:56,5
69323521941,这个价位的电脑确实可以了，我买来办公，偶尔看个电影啥的，用了快一周了，开机很快。日常办公没有问题的，很满意。谢谢店主。,2020-10-23 18:57:12,5
69323521941,开机快，运行快，物流快，很好的一次购物，赞,2020-08-19 09:04:04,5
69323521941,机器成色很好 准新机！期待使用更好,2022-06-20 13:49:53,5
69323521941,抱着试试的态度买了，结果非常好用，很划算，便宜适合日常办公用。售后服务态度很好，很用心，感谢，下次需要还会来。,2022-11-25 18:01:17,5
69323521941,主机很快收到了，包装很好，整体使用比预想的要好，安装一次性成功，直插直用，开机速度14秒，网上二手的第一次买，希望质量长久信得过，感谢商家,2022-11-06 14:19:49,5
69323521941,包装很好，物有所值，服务也很好！,2022-10-23 17:53:59,5
69323521941,速度很快，客服态度很好，很耐心的解答，很好的购物体验。收到货后就迫不及待的打开看了，质量很好,2022-10-14 07:08:00,5
69323521941,开机速度杠杠滴，家用完全没问题，我不打游戏，日常使用足够了，很好的，第一次在京东拍拍上买东西，觉得质量很好！,2022-09-12 16:55:48,5
69323521941,感觉不错先用着看看吧&hellip;&hellip;&hellip;,2022-01-19 11:22:01,3
69323521941,非常不错，速度非常快，没有卡顿！,2022-03-11 19:02:41,5
69323521941,非常好，主机速度非常快。没想到京东有那么好的二手平台。主机性价比超高，非常新。主机小巧不占地方，可以横放竖立。非常满意。会推荐朋友购买。好东西值得拥有，值得推荐给大家。,2022-02-23 19:35:15,5
69323521941,非常好，,2022-05-22 11:09:02,5
69323521941,快递很快，第二天早上就到了，运行速度很快。,2022-05-15 08:41:09,5
69323521941,很好，比我预想的大，很喜欢！,2022-04-23 14:19:59,5
69323521941,产品很好，办公够用,2022-04-10 12:50:47,5
69323521941,非常不错，开机速度很快，运行流畅，点赞。,2022-03-23 12:00:30,5
69323521941,电脑开机特别快30秒就能开启非常棒,2022-03-21 08:21:10,5
69323521941,使用了一段时间后，来评价一下，机器开机速度很快，品质不错,2022-03-14 14:38:20,5
69323521941,发的德邦物流很快，宝贝虽然是二手的，可是看起来很新呢，外观小巧可爱，携带方便，运行内存也蛮快的，存储空间也蛮大的，非常喜欢，,2022-02-19 21:08:44,5
69323521941,是我的配置要求，平常办公用一下足够了。120g的固态，系统启动够快的，500G的硬盘，存些资料相片也可能了。送的无线接收器，连无线网络上网。用了一段时间，品质也稳定，这二手的还算值得信赖。,2022-01-18 23:54:48,5
69323521941,全五分好评！,2022-01-08 20:02:31,5
69323521941,物流很快，包装用了3层防震。机子外观不错，挺新的。简单测试一下。用几天再追评。,2022-01-03 14:32:55,5
69323521941,棒呀，真好用，真好好好用。,2021-12-04 20:42:56,5
69323521941,由于途中颠簸，不能开机，指导下正常开机，服务很到位！,2021-11-18 15:51:37,5
69323521941,第一次在京东买二手电脑，主要是办公用的，电脑非常棒，从来不卡顿，老板态度很好，以后还会再来买的！,2021-11-16 20:40:39,5
69323521941,东西还可以哈，物美价廉吧，希望耐用一点。,2021-09-01 18:26:17,5
69323521941,性价比非常好，个人觉得还是挺不错的商品哈哈哈。,2021-08-22 11:10:22,5
69323521941,使用正常，主机稍微有点噪音，机箱喷漆很明显，有磕碰。九成新,2022-01-30 22:02:25,3
69323521941,开机运行很静，一点声音都没，看电影，玩玩游戏还是可以的，客服售后也很好，值得购买,2021-08-13 12:22:49,5
69323521941,速度很快，八成新还不错,2021-08-09 22:25:34,5
69323521941,非常好，下次介绍朋友买,2021-08-09 11:26:25,5
69323521941,非常不错，用了好几周了，没啥问题,2021-07-24 21:26:33,5
69323521941,开机挺快，物流也很快，看起来好新，完全不像二手的，使用一段时间再追评,2021-06-18 19:46:05,5
69323521941,机器不错，开机只需要33秒，运行速度超快，性价比可以，现在很多机器都卡，现在换了这台机器再也不愁卡的问题了。当天下单当天就发货了，物流超快！,2021-06-09 14:53:36,5
69323521941,电脑主机非常不错，在各大平台对比一下，还是京东的她家比较靠谱，客服态度好，非常有耐心，一步一步***何操作，非常感谢，过几天还要进一批设备，还要给您添麻烦了，谢谢！,2021-05-22 13:51:25,5
69323521941,商品不错，和商家描述的一样。机器很好用。值得信赖。,2021-05-12 15:45:39,5
69323521941,拿到包装非常好，填充了很多气泡袋。主机箱和显示器成色都非常新。卖家还送了键盘，鼠标，电源线和数据线。非常满意的一次购物。,2021-04-14 16:13:07,5
69323521941,很好，很好。真心不错?,2021-03-07 16:39:15,5
69323521941,收到就使用了，效果蛮好的，主机功能和店家介绍的一样，客服态度认真细心，包装精美大气，物流也很快，下次还会光顾,2021-01-18 12:35:29,5
69323521941,发货速度很快，包装严实，机器九成新，开机很快，声音也不大，安装的时候客服耐心给予了指导，五星好评。,2021-01-08 17:40:13,5
69323521941,质量都是很好的。&nbsp;给个大大的赞、 非常满意， 办公神奇，有了这个上班都有劲，工作效率都提高了！,2021-01-03 18:48:32,5
69323521941,已经用了一个星期，感觉很不错,2020-09-18 10:19:53,5
69323521941,宝贝收到，外表达到预期！里面也很干净整洁！,2020-08-29 20:09:56,5
69323521941,非常不错的电脑。开机速度也快，小机箱一点儿也不发热。运行一点噪音都没有。表面看是95新以上。里边的各种配件也非常新。一次非常不错的二手购物体验。,2020-08-18 19:02:08,5
69323521941,物美价廉,2020-10-13 19:04:05,5
69323521941,电脑真的很好,2020-09-15 15:57:09,5
69323521941,"宝贝收到了！装上用起来和新机不相上下，效果和质量是杠杠的? ? ，非常满意的一次网购，下次还会光临的
回复",2020-06-22 18:12:41,5
69323521941,购买之前咨询客服非常热情，物流速度很快，通电试机，机器正常，运行速度流畅，物有所值，性价比非常好,2020-12-31 15:23:23,5
69323521941,开机可以，但是用不了，找公司电脑维护员也无法解决,2021-10-29 00:04:37,1
69323521941,很漂亮小巧却给人强大感觉到的一台小机器,2020-12-29 20:37:39,5
69323521941,机器收拾的非常干净，开机速度，运行速度快，即插即用，能满足家庭需要。,2020-12-27 12:25:07,5
69323521941,我是特地用了一星期后再评的，非常好用，比之前用过的主机要好几倍，反应速度极快而且听不到声音。总之物美价廉非常满意。,2020-12-04 09:41:14,5
69323521941,这个电脑非常好用，我非常喜欢。,2020-11-26 16:01:28,5
69323521941,新旧程度不错，Dell做工很好，电脑速度可以，完全胜任日常工作，最喜欢的是很静音！,2020-11-10 10:15:45,5
69323521941,京东购物很好，已是多次购买，很便捷。包装很好，跟新的一样，很好。,2020-08-13 08:52:29,5
69323521941,确实不错，配置方面很满意，运行很流畅，超过了我的期待，物有所值?,2020-07-06 12:49:20,5
69323521941,和我想的一样小主机 挺好用的，卖家帮我装了打印机驱动也可以链接，额外我不懂的小问题都帮我解决了，感谢很好的卖家！,2020-06-24 17:59:22,5
69323521941,电脑刚刚收到，感觉性能还不错，外观也没有那么旧，有8成新，商家很用心，电脑处理的很干净，非常愉快的一次购物。,2020-05-29 21:10:56,5
69323521941,第一次通过拍拍购买东西，这主机很快就到了。看着就像全新的产品，接上显示器使用很流畅。总的来说，很满意的一次购物体验。,2020-05-26 15:23:56,5
69323521941,宝贝收到，感觉外观和性能都不错。非常满意的一次购物。,2020-06-02 06:30:52,5
69323521941,非常好，已经用过了，性能很不错哦！,2020-06-01 19:37:39,5
69323521941,物流很快，东西不错，速度挺快的。超值,2020-06-01 18:59:03,5
69323521941,"帮忙朋友买的，电脑很好，速度快，物有所值，朋友很满意。

昨天又发链接介绍另一个有需求的朋友，建议购买。",2022-11-02 12:06:58,5
69323521941,质量很好，机箱状况良好，确实与新的机器差别不大，已经安装好了操作系统，运行速度很快，不错不错。,2022-10-30 17:31:44,5
69323521941,非常满意购物，还会再来的,2022-10-27 23:07:37,5
69323521941,老板人品非常好，我买东西从来不理评价的，觉得不来评价愧对老板，下次有虽要必虽来！,2022-10-10 21:26:47,5
69323521941,小巧，很新，感觉是新的。安好后很快，里面没有乱七八糟的软件，运行流畅，就是新的。物有所值，大胆买！物流也很快！,2022-09-28 13:24:08,5
69323521941,不错很好品牌比自己拼强多了，,2022-08-14 18:21:14,5
69323521941,外观蛮新的，显示效果也不错，很满意的一次体验,2022-07-29 10:08:03,5
69323521941,外观挺新的，开机反应很快，很满意！,2022-07-29 10:06:29,5
69323521941,机器性价比高，非常喜欢，支持二手电脑,2022-07-22 21:33:43,5
69323521941,电脑很好用，客服很有耐心，帮助我设置了电脑，知道我安好了硬盘。,2022-06-26 12:15:58,5
69323521941,主机很好，99新，很棒的一次购物,2022-06-06 10:34:39,5
69323521941,不错、很流畅。用了好多天了。我朋友一共买了三台了,2022-05-15 16:31:37,5
69323521941,电脑配置很高，客服很贴心，安装了想要的软件,2022-05-07 07:58:54,5
69323521941,电脑外观很新，运行速度还可以。,2022-05-02 09:59:11,5
69323521941,用了几天了目前很流畅没问题。。这价格值了吧,2022-03-29 21:32:08,5
69323521941,超静音，非常非常好，下次惠顾,2022-03-12 20:08:15,5
69323521941,电脑很不错，查了一下机器是20年的，比较新，物超所值,2022-01-22 10:06:06,5
69323521941,小巧玲珑  速度快  饭店商用接单很好,2022-01-15 14:22:17,5
57800152225,物流真的很快，而且快递的包装非常结实，整个拆箱体验巨棒，遇到问题问客服也是秒回耐心解答，试了一下开机速度，说十秒就十秒，搞建模渲染来说，3060真的太香了，满分一百分的话我可以给八十八分！（潮男撩发）,2022-03-11 11:20:18,5
57800152225,"非常不错的一次购机经历，相同的配置比我问的当地的经销商要便宜1500，包装的非常严实，验机前取下了机箱内的泡沫保护垫，发现理线是非常的整洁。用了几天没有死过机，很稳定。温度也比较低，机器噪音比较小。
公司4月还要购买两台。用于3D max建模。",2022-04-02 15:47:22,5
57800152225,精挑细选很久，最后决定买这一款主机，到货后果然没有让我失望，实物真的非常棒，打游戏贼溜，赶上做活动的时候买的，感觉买值了，还有物流超级快，点赞！,2021-11-11 20:07:19,5
57800152225,第一次在网上买电脑，实物比图片要1炫酷，没有任何声音，物流嗷嗷快，用起来一点不卡，吃鸡完全没压力,2021-12-02 15:29:32,5
57800152225,店家服务很好，到手看到质量也很不错，真材实料，希望你们也来购买，以后也还会继续支持,2021-10-22 10:41:55,5
57800152225,电脑收到啦，物流很快，第一时间就安装上了，客服也非常的有耐心，帮你解答各种疑问，我也把平时玩的游戏都下了，画质开的很高运行也可以非常流畅，总之性价比没得说，我就是朋友推荐买的有机会会再次让身边的人选择它！,2021-08-20 12:12:57,5
57800152225,主机非常nice，性能好，客服耐心，配件全是正品，最新生产。,2021-07-20 22:09:28,5
57800152225,"运行速度：非常流畅
游戏效果：非常好
安装难度：店家已安装完毕


今天收到立刻开始体验，游戏运行非常流畅，很满意，客户回复很快，有问题立刻解决，推荐给大家。",2022-03-25 01:32:58,5
57800152225,"包装很好，服务很到位。一点都不用担心坏破损
性能杠杠的",2022-03-19 09:20:54,5
57800152225,不错不错。电脑颜值超级高。配置的话满足我玩的所有游戏了。英雄联盟的话我把画质调到最高FPS接近三百。店家还是很靠谱的。就是机箱前面的那个灯带不能挑颜色。喜欢什么颜色还是先跟店家说好吧,2022-02-27 19:24:28,5
57800152225,很完美的一次购物！发货速度够快，产品过硬，已经在感受新电脑的快乐！外形很炫酷！,2021-12-19 00:03:51,5
57800152225,机箱收到了，很不错，客服金牛哥哥还是姐姐服务态度特别好有耐心，值得购买。,2022-03-19 10:20:18,5
57800152225,非常满意的购物，客服人员服务态度很好，有问题都给解决。点赞?,2022-03-17 12:16:48,5
57800152225,本人学生党，电脑放寝室刚刚好，主机包装非常好，很严实，东西一开就亮，客服态度也很好，是一次不错的购物。以后一直支持，等用一段时间再来评论。,2022-03-10 12:53:19,5
57800152225,非常好，外观漂亮，运行速度快，高端大气上档次，值得购买,2022-04-02 19:58:57,5
57800152225,主机性价比很高，操作很顺畅，外观很炫酷，中间发生了插曲现在也解决了，主机整体很好,2021-08-15 14:36:25,5
57800152225,显卡居然有破损的，找各种理由推拖。之字不提换货两字。,2022-10-27 09:07:12,1
57800152225,包装很结实 配置也不错 这个价位能买到这样的电脑很不错了 性能挺好的 能满足我的日常需求了,2022-03-24 10:44:45,5
57800152225,主机收到了，外观大气，颜色很正，运行速度很快，我加到了32G内存，整体跑分177万分，高性能配置，机器噪音小。显卡独立原厂包装，还有防伪标签可查。透明机箱办彩页风扇，极为酷炫。性价比不错的机器，满意的购物！,2022-03-31 16:01:38,5
57800152225,货到后第一时间就装了，店家服务很好，有问必答，机子也挺不错的，,2022-03-18 13:37:22,5
57800152225,"店家态度很好，客服有问必答，回复速度快。
主机很好看，安装也简单。
值得入手。",2021-07-12 10:42:54,5
57800152225,安装很方便，上手很简单，开机就能点亮，性价比很高，买来就开始玩起来了，很爽！！！主要是安装太简单了，走线简洁，另外加的机械硬盘也给我安装好了，特别省心，下次买电脑还推荐你们家！,2022-05-30 13:29:26,5
57800152225,周日下单，周二上午就到货了，机器很漂亮,2022-03-16 13:58:34,5
57800152225,特别棒，服务也好，电脑也很棒，买买买,2022-02-15 18:05:21,5
57800152225,特意用了几天再来评价，性价比很高，速度很快，装了很多软件开机还是10秒内，运行很安静。显卡是单发的，安装很方便，直接打开机箱放进去，然后拧螺丝位置已经有螺丝了。,2022-06-04 12:38:25,5
57800152225,"评分检测：满分
运行速度：超快
游戏效果：流畅，画质高
外形外观：美观",2022-03-20 14:19:24,5
57800152225,电脑性价比很高，对比了很多家，还是这家价格香，硬件配置也是全新正品，显卡打了华硕电话，没有任何问题，日期也很新，赶紧冲！别犹豫老铁们！！,2022-11-03 11:57:17,5
57800152225,非常好，很漂亮，做工精细，电脑也很帅，配置好，价格也很实惠。建议大家都来购买试试，客服小姐姐也很效率。态度也好，售后也很到位。很快就能解决问题。,2022-03-21 17:48:39,5
57800152225,显卡单独发的原盒，在客服的帮助下，我自己装的显卡和机械硬盘，虽然中途读取硬盘异常，但最后都完美解决，跑分130万。很不错！,2022-07-02 23:06:44,5
57800152225,刚收到电脑就开始组装起来用了，开机很迅速，这个价位买到这样的电脑很不错了，性能挺好的能够满足我的日常需求了，配置也不错，我买的是标准版，商家还有其他版本的可以升级，对我来说标准版就足够了。总体来说不错，如果还需要买电脑还选他们家的??????,2021-11-10 19:00:25,5
57800152225,"运行速度：快！
游戏效果：好！
外形外观：靓！
安装难度：无！
非常棒！首先发的顺丰有保障，收到货发现一共两层包装箱，保护得非常好，连上显示器一次点亮，用来办公完全够用，主机质感太棒了，就是一直想找这么大又不占地方的，性能完全够用，描述和实物完全相符，鲁大师都对应过。开机七秒。完美！！",2019-10-13 11:14:32,5
57800152225,"评分检测：很不错啊，100多万分
运行速度：很快很流畅，起飞了
游戏效果：杠杠的",2022-09-15 01:08:17,5
57800152225,从选购开始，老板就非常爽快的满足我的DIY需求还附赠有小礼品，下单发货，答应我第二天发货，就是第二天发货！东西到了以后，包装的也非常用心，用了非常多的保护泡泡，包括机箱内部，基本不可能有运输损坏问题，后续也基本不需要组装，插电就能开机。哪怕第一次连接显示器的时候我对各种插口和设置不是很熟悉，客服也很耐心的让我拍照给我一一进行处理&hellip;总结下来，确实找不到任何毛病，后续如果有什么问题我也会在后面追评，到目前为止，真的是非常满意的一次购物体验！,2022-03-30 12:04:21,5
57800152225,电脑非常满意。客服态度也很好。开机基本没声音。灯光也很漂亮。显示器搭配电脑一瓶买的一步到位非常奈斯,2022-06-27 10:25:37,5
57800152225,"数据非常准确 一般游戏都玩的了了
外形外观：满分
运行速度：满分
评分检测：满分
游戏效果：满分",2021-09-10 18:06:45,5
57800152225,"到货迅速，好店铺
客服也很贴心，不会的都会给你远程安装
非常满意，完全超出预期值，很满意的一次购物。",2022-11-25 09:11:31,5
57800152225,用了快一个月了，都挺好的，没什么问题。本来买了就是玩游戏的。很流畅。,2022-06-18 15:29:56,5
57800152225,就这态度做店面呢，在网上做店就可以为所欲为了是吗？1月30号下的单，2月9号才到，我都回老家过年了，没法收拒收退回去了，到了今天2月21号了，东西他们拿到了，钱没退。商品下架，售后退款关闭，真行。,2021-02-21 16:10:14,1
57800152225,性能杠杠滴  颜值实力并存,2021-09-25 12:58:01,5
57800152225,前几天到的电脑，先装机用了几天很满意，客服也很耐心给我这边讲解不懂的地方，大大的赞！！！ 给准备买的朋友温馨提示：现在默认W11系统，有别的要求下单要备注哦,2022-10-21 09:19:48,5
57800152225,开机速度很快，升级了三星的固态硬盘，读写速度更上一层楼，星际争霸2特效全开毫无压力,2022-08-23 09:41:23,5
57800152225,特地等用了两天才来评价，机器开机很快，反应也快，主机声音很小，客服也很耐心，全部都很满意。,2022-06-10 07:06:05,5
57800152225,首先这款主机很符合我的预期，性价比算高的了，游戏运行很流畅，性能也是杠杠的，终于能玩大型游戏了，而且显卡店家是可以盒包装独立发，店家服务态度好物流也快，推荐入手。,2021-12-16 13:34:55,5
57800152225,第一次在网上买电脑和显示器，感觉非常可以，以前没在网上买过，描述相符，不错分常好。需要的赶快下手,2021-12-13 15:49:24,5
57800152225,"终于把小破机箱换掉了，速度好快，画图舒服了，让人看这就舒服
外形外观：很漂亮",2022-02-21 10:27:30,5
57800152225,很好。赛博朋克，逆水寒，特效全开非常流畅。老板服务也很耐心不懂问随时解答。非常满意。,2021-07-25 12:40:07,5
57800152225,外观很酷炫、很不错的一款主机、先用一段时间再来评价,2022-03-25 20:37:42,5
57800152225,挑选好久选到这款，客服态度很好，很满意的一次购物！,2021-06-22 22:10:22,5
57800152225,这次购物体验不错，送货速度快，电脑到手开箱后侧面玻璃可以看到电脑里面，灯光炫目。感觉很好,2021-11-09 11:04:05,5
57800152225,主机很好很漂亮，运行的速度很快，这个价位感觉还还是挺不错的，期待之后的应用,2022-03-19 11:21:46,5
57800152225,货到了好几天了，用了几天了刚回来评论，无论是客服服务，物流速度。还是电脑质量都是杠杠的，给店家点赞，值得购买，希望店家生意越来越好！点赞！,2022-11-21 00:08:21,5
57800152225,可以，很强，玩吃鸡稳定150帧以上，商家服务也挺好，可以入手,2022-04-01 14:06:13,5
57800152225,非常好的一次购物体验，老板很细心的讲解，快递也很快，收到主机和描述的一样、很nice，下次配电脑还在这家，不错不错,2021-11-21 12:26:15,5
57800152225,显卡是单独包装的，配置很不错，装上显卡就可以直接使用，非常流畅,2022-06-22 15:53:00,5
57800152225,物流很快没等几天就到了，东西也很好之后有什么配件还会继续来购买,2022-03-30 21:51:04,5
57800152225,物流很快，物品完好无损，用起来很舒服，喜欢?宝贝真不错，做的真细心，值得拥有,2022-07-16 12:04:38,5
57800152225,机箱很酷，氛围灯不错，开机躁起来！使用过后再来追评！,2021-12-26 10:58:54,5
57800152225,买来用了一周，机器很好，没有问题。618价格优惠，好评！,2022-06-27 23:25:42,5
57800152225,只能说666，商家态度好，东西质量好 物流快 客服耐心，很满意这次的购买！会推荐朋友来,2022-05-11 16:49:47,5
57800152225,怎么说呢，基本上没5次开机，必有一次黑屏或者蓝屏。再怎么也是8000的主机，经常这样，确实配不上。,2020-12-16 18:28:11,1
57800152225,开机很快运行流畅，杂音很小整体使用感觉很棒，很给力,2022-04-29 17:12:30,5
57800152225,主机已收，没翻车。全新的价值超高。总结值得。可以高玩玩各种3A,2022-03-20 10:26:38,5
57800152225,店家耐心.用着很快.期待下次交易,2021-05-10 20:14:34,5
57800152225,自配组装  店家服务很好 效果很满意 值得推荐,2021-03-18 19:40:39,5
57800152225,非常好用值得入手兄弟们，吃鸡一点不卡??,2022-01-25 18:23:41,5
57800152225,一次很好的购物体验，服务周到，物流快速，配送也很周到，态度也很好，物有所值啊，果断好评！,2022-11-04 23:11:33,5
57800152225,开机速度很快，做图顺畅,2021-11-27 15:42:37,5
57800152225,开机很迅速 几乎没有任何声音 主要物流速度真的嘎嘎快,2022-03-19 12:25:08,5
57800152225,性价比超级高，非常值得买的一款主机，强力推荐！！！,2022-03-29 11:36:11,5
57800152225,发货速度很快，疫情居家一周还能准时送来，办公急用非常感谢。速度和评分给大家参考一下。,2022-03-18 11:48:57,5
57800152225,发货速度特别快，装机方便，操作流畅，售后服务相当好。,2022-04-18 20:45:13,5
57800152225,很炫酷，很满意 。达到了预期的效果！！！,2021-12-29 17:25:26,5
57800152225,服务态度很好，希望再接再厉，遇到问题解决问题，态度是值得表扬的，有需要时再购买。,2022-11-19 23:42:44,5
57800152225,可以运行起来好看 吃鸡全特效完美运行,2020-11-15 06:19:43,5
57800152225,电脑收到了，很酷，特效全开无压力,2022-06-03 14:16:28,5
57800152225,安装非常好，客服也很耐心，指导安装配件,2022-03-30 21:48:06,5
57800152225,电脑非常不错，推荐购买，售后售前服务也很好，有问必答，赞赞赞,2021-01-25 09:36:34,5
57800152225,在这之前下过一单其他商家的主机，到货显卡也没装好，主机也有毛病。在6.18找到了这家，品牌机器值得信赖，收货后所有都已安装完毕，很快可以畅享网络游戏。很满意的一次购物体验。,2021-06-05 17:09:11,5
57800152225,运行速度：还行，外甥很喜欢。,2022-06-21 13:06:48,5
57800152225,整体来说还是非常不错的 性价比高  棒棒的,2022-06-12 17:35:03,5
57800152225,游戏体验超好，3a画质流畅不掉帧,2022-06-01 18:59:53,5
57800152225,"评分检测：140000万
运行速度：很快
游戏效果：完美运行
外形外观：很酷
安装难度：几乎没有",2020-12-14 12:37:30,5
57800152225,收货快 目前运行流畅 非常满意,2022-02-21 09:14:04,5
57800152225,非常好用，价钱也很合理，非常值得购买,2022-06-22 16:47:56,5
57800152225,非常好 非常好 赶紧买啊 块买吧有钱就买,2021-03-15 13:35:46,5
57800152225,机箱到了，总的来说非常好，值得购买,2022-06-20 21:25:57,5
57800152225,商品没有问题，开机很快好用,2022-04-04 10:15:29,5
57800152225,售后很给力 回复信息很快 机器也不错 总而言之 物有所值,2021-01-24 11:14:08,5
57800152225,电脑很好，比我想想的快,2022-09-24 15:44:55,5
57800152225,性价比比较高，非常不错速度比较快,2021-07-15 10:54:08,5
10058592166008,主机边角做工挺好，cpu散热大。走的背线。带win10家庭版系统，分区合适，带7z压缩软件  wps还给设置好了。速度飞快，静音。价格实惠非常值得买。配了键盘鼠标和垫，电源线。客服锦锦服务好耐心的解答，我很满意！发货速度快,2022-10-03 16:54:55,5
10058592166008,电脑包装很好，很厚实，很多泡沫，减震不错，有纸箱，内部很厚的保护，保证运输的安全，预装有win10操作系统，使用很稳定，速度较快,2022-09-29 06:07:46,5
10058592166008,外观挺符合我的要求，运行速度也很好，鼠标设计的位子更让我喜欢，使用很方便。手感不错。看起来不错，清晰高端大气，办公很好用。,2022-11-06 18:06:57,5
10058592166008,"发货超快，包装的也很安全。那边配送起子。！
12代的CPU，i3是绝对够用了。而且配置也高，16+512M2硬盘，爽。基本上不用再额外加装硬盘了，反正公司有NAS可以额外储存东西。
电脑开机很快，几秒钟就开机了，外观不错，正常办公玩
外观设计风格非常好看
攀升的电脑买过好几个了，目前表现都很好。
售前服务非常好，能快速解决我的需求问题。发票快捷，作为单位采购，这里非常合适。",2022-09-21 09:31:04,5
10058592166008,"外观非常商务，非常有范儿，方方正正的前，面板也非常平整，很漂亮。
性能配置：15代I5处理器的加时再加上16G的内存以及固态硬盘，速度简直飞起。",2022-09-22 19:44:43,5
10058592166008,"自带win10系统，很方便，用起来也很方便，
自带办公软件，固态硬盘速度真不是盖的，
开机秒开，机械硬盘存放文件，足够
为公司采办，也是第一次用固态硬盘，
速度真是完美！昨天晚上下单今天上午就到了！
攀升电脑用的，价格实惠，值得购买。",2022-10-16 19:59:50,5
10058592166008,我感觉还是不错的，电脑运行很快，安装的win10系统，没有安装其他软件，系统很干净，使用很稳定，没有什么其他大的问题，主要是售后服务有保证，走线规整,2022-09-29 19:53:00,5
10058592166008,外观简洁我非常喜欢，黑色的，散热功能也特别好，电脑流畅不卡顿，用起来非常顺手，这是我在攀升买的第二台了，第一台电脑用了7年，品质相当有保证,2022-11-01 12:18:04,5
10058592166008,上手以后质感很好，机箱厚重，是不错的一次购物，外观炫酷，性能超好，满足办公需求，运行速度良好，京东就是快，飞一样的速度。,2022-10-14 18:40:33,5
10058592166008,第二次帮公司购买攀升品牌的主机了，我觉得性价比特别高，看到在CCTV的广告，已经我查了一下，攀升在主机方面双数一数二的，而且同等的配置，价格便宜，性能强悍，我觉得在用十年没问题，关键还有扩展的空间，特别满意，好评。,2022-09-29 20:31:25,5
10058592166008,"机箱外观：正常大小
性能配置：日常办公足够用了
跑分评测：跑分70多还不错
售后服务：售后回应也很快，相信京东自营",2022-09-21 16:05:09,5
10058592166008,机箱做工精致，大小合适，噪音比原来电脑小多了，开机关机快，包装很好，物流到货快，已向朋友推荐,2022-11-23 10:43:22,5
10058592166008,电脑开机非常快，用着比之前电脑好太多刻，性价比非常高，声音几乎听不见，内存很大，办公资料多一点也不慌了！,2022-10-28 17:36:00,5
10058592166008,该品牌的电脑主机性价比超高，电脑接上显示器和电源，一点就亮，开机速度很快，运行非常流畅，我很满意，所以我要给个好评，非常推荐各位朋友购买。,2022-10-01 15:07:56,5
10058592166008,攀升的牌子值得信赖，正犹豫买哪一款电脑呢，朋友说我买的攀升的颜值高，运行内存都可以。果断下单收到货确实非常棒16 516内存，想下单的可以参考一下。服务好，发货快。,2022-09-15 21:32:39,5
10058592166008,小伙伴们看清楚了，宣传是b660主板，实际收到货是h610主板，我一个人吃个亏没事！,2022-10-04 15:00:10,2
10058592166008,很nice，买来办公，接了两个屏幕，很好使，就办公来说，性能绰绰有余了。客服也很有耐心，回复快，仔细认真，好评。,2022-09-11 00:47:31,5
10058592166008,卖家服务真周到。以后带同事一起来。掌柜的服务态度真好，发货很快。商品质量也相当不错。太喜欢了，谢谢！这家店还好吧。来买过几次了，服务老客户非常周到，以后还常来！老朋友。我又来你店光顾了，久了没来，生意看来还真不错哦。努力哦！,2022-11-09 09:58:55,5
10058592166008,攀升的品质很不错很棒很棒，感觉到了很不错，真的感觉到了品质不错。性能很棒，真的不错,2022-09-18 16:17:20,5
10058592166008,"电脑开机很快，几秒钟就开机了，外观不错，办公使用够了，
外观设计风格非常好看。",2022-10-17 11:52:58,5
10058592166008,物流很快，宝贝很好，店家人nice！好评！卖家服务真周到。以后带同事一起来。真是一个好卖家。以后有这方面宝贝的需求还得找你哦！这家店还好吧。来买过几次了，服务老客户非常周到，以后还常来！,2022-11-17 17:49:33,5
10058592166008,?心仪已久，果断下手，用过之后感觉很不错，是正品，快递也很给力，果然名副其实?(*^__^*)非常满意的一次购物，物有所值，比实体店里实惠多了！宝贝和介绍的一样，质感很好，功能强大，用了感觉不错东西不错，还有优惠，可以放心省钱购买，不要犹豫了,2022-11-03 11:38:07,5
10058592166008,物流非常快，下单后很快就拿到了，使用了一段时间，速度非常快，价格也很合适，处理器很快，没有出现任何卡顿的情况，很值得，刷新也很快，没有出现故障，活动有配套鼠标和键盘送。,2022-10-03 19:47:17,5
10058592166008,办公首选，值得入手，外观简洁大方，不失美感，非常满意，推荐办公人员使用,2022-11-28 16:25:05,5
10058592166008,电脑性能不错，开机秒进桌面，运行程序非常流畅，用了两天目前很稳定，cpu温度30度左右，非常棒，值得推荐。,2022-10-29 16:26:36,5
10058592166008,特地用了一星期才来评价，电脑每天运行五小时左右，运行声音很小，反应迅速，售后有问必答，真的很贴心,2022-11-06 10:56:33,5
10058592166008,很不错，这个价格很便宜了，现在i3板u一套都要1000左右，整机2000还是可以的，12代处理器就是猛！,2022-10-06 01:31:25,5
10058592166008,电脑收到了，质量很不错，i5办公性能很不错，固态ssd和机械硬盘的组合也很好，卖家服务态度也很热情，下次还来光顾他们家，棒棒哒,2022-11-09 10:33:01,5
10058592166008,办公用起来很流畅，质量也不错，做工精细，没有瑕疵用起来很流畅,2022-11-25 19:13:41,5
10058592166008,非常不错机箱颜值比较高，i3第十二代12100处理器，16g内存加500g的固态硬盘，也够我家老爹平时打打牌，看看**了！性价比真的太高了！！,2022-09-03 23:57:25,5
10058592166008,开机5秒，超级快，很快就收到货了，用起来很方便日常办公，影音足够,2022-09-23 02:12:10,5
10058592166008,无论材质还是做工都超出了预期，超值，穿起来也很好看哦。卖家发货也比预计提早了很多，还会再来。买吧，不会后悔的哦！全五分。,2022-11-09 11:07:24,5
10058592166008,京东物流快，送货上门比实体店还方便，保修三年有保障，这个配置用来上网课平时办公用足够了，开机快反应也快，中间一点小插曲客服也很快处理了。,2022-09-19 19:59:22,5
10058592166008,启动速度很快，噪音24分贝，很静音了，系统运行稳定，特意用了几天才来评价,2022-10-05 19:53:42,5
10058592166008,电脑性价比超高，运行速度快，机箱质量很好，接口设计到顶端也很方便。推介大家购买。,2022-11-28 20:48:17,5
10058592166008,京东快递超快当天下单当天到，电脑不错物美价廉，配置办公顶呱呱，开机飞机速度秒杀机械硬盘哈哈，太喜欢了。,2022-09-28 08:47:57,5
10058592166008,配置不错，性价比很高。家用够用了，平时孩子上课，大人网上考试用都够用。解决在家办公问题了,2022-10-20 20:45:33,5
10058592166008,办公用机 性价比很高 非常流畅 再也不怕多个文件打开速度慢了 大品牌值得信赖！,2022-09-25 15:53:00,5
10058592166008,超极差评价保说我超过了0天 不给我保了 也不知道超过0天 是怎么超了,2022-10-28 12:39:55,1
10058592166008,外形不错  很快    造型很好看  也不卡  非常流畅,2022-10-01 13:41:35,5
10058592166008,物流速度很快，主机运行速度快，配置合理，办公专用合适，性价比高，很不错的产品。,2022-11-26 04:34:39,5
10058592166008,特意用了两天才来评价，这是对自己和大家的负责！宝贝质量不错，很喜欢了。谢谢掌柜。好卖家，真有耐心，我终于买到想要的东西了。谢谢卖家。这家店还好吧。来买过几次了，服务老客户非常周到，以后还常来！,2022-11-11 11:56:05,5
10058592166008,电脑非常好用，运行速度快，很流畅，开机速度快，性比价超高。,2022-09-30 18:32:17,5
10058592166008,帮公司买的，刚刚安装上，机器配置很高，开机3秒，如果商家给安装W10专业版就更好了！！,2022-09-13 10:54:29,5
10058592166008,机器全新的，包装箱也包装的很好，整体配置也是很好，性价比很高，还包三年保修。京东购买的也很放心。,2022-10-02 13:00:35,5
10058592166008,很好京东配送又快服务电脑都不错值得购买，开机速度及运行速度都很好，还保修三年。,2022-09-10 09:18:21,5
10058592166008,"机箱外观：很好看的
性能配置：使用了下性能很强",2022-11-29 17:59:05,5
10058592166008,物流超级快，质量也很好，包装很好很结实客服态度也很好！！办公用的话足够啦！！,2022-10-14 14:26:35,5
10058592166008,很不错 买来办公用的 性能好 不发热 很满意,2022-09-23 11:50:31,5
10058592166008,机箱有厚重感，很大气。已预装系统，运行速度快！,2022-11-07 21:28:51,5
10058592166008,电脑非常好，速度很快，孩子再也不用担心网课闪退了,2022-09-25 19:53:33,5
10058592166008,用了2天了，目前很流畅，键鼠也都送了，很不错，物美价廉,2022-10-06 16:20:20,5
10058592166008,材质结实，手感好，很得劲，物流也快，性价比很高，值得购买,2022-11-11 16:21:09,5
10058592166008,电脑收到体验速度快，好用，发货速度也快，服务态度好很满意。,2022-10-05 16:28:59,5
10058592166008,电脑挺好的，开机很快，软件打开迅速，办公很好,2022-11-02 14:50:47,5
10058592166008,机器包装完好，物流很快，店家还送了鼠标键盘，好评。机器很快,2022-11-21 15:25:25,5
10058592166008,价廉物美，开机，运行正常，速度很快。一次满意的购物。,2022-09-25 11:49:18,5
10058592166008,买回来做工控系统，性价比超高，磁吸式防尘罩超级实用。,2022-11-27 13:04:30,5
10058592166008,运行速度很快  买回来自己装了两个风扇 超好看 推荐推荐??,2022-10-01 23:21:01,5
10058592166008,性价比较高，看了同配置，这个价格很有竞争力，包装很好，发货速度也比较及时，客服响应比较快！,2022-09-26 20:04:58,5
10058592166008,收货一周，很不错！开机速度快，运行稳定！??,2022-11-13 20:52:55,5
10058592166008,选择了好久，最终选择的，攀升电脑，大品牌值得信赖，强烈推荐给大家购买，性价比超级高，下次会再来的。,2022-11-21 10:48:53,5
10058592166008,"电脑开机很快，几秒钟就开机了，外观不错，办公使用配置好。
外观设计风格非常好看",2022-10-17 11:53:24,5
10058592166008,非常好用，颜值高，速度快，前台用完美,2022-10-02 20:09:40,5
10058592166008,疫情期间居家办公，赶快下单，到的很及时，第二天就到了，包装很好，性价比高,2022-09-13 20:50:26,5
10058592166008,第二天就收到了  用了两天 感觉很满意 还有赠品,2022-10-03 08:18:13,5
10058592166008,质量很好，价格实惠，购物体验好，送货快，满意！！！！！！！,2022-10-22 19:26:37,5
10058592166008,电脑性价比很高，性能配置也不错，推荐购买，店铺客服回复也很及时。,2022-10-02 09:23:01,5
10058592166008,非常好，秒开机，运行流畅！很满意！,2022-11-19 15:29:53,5
10058592166008,朋友推荐的，孩子上网课用，运行很流畅，推荐购买,2022-10-07 14:37:24,5
10058592166008,运行快，高端大气上档次，外观也很不错,2022-11-17 16:12:58,5
10058592166008,买来是办公用的，速度很快，很满意。,2022-10-11 17:28:48,5
10058592166008,发货速度很快，包装也很好价格也合理，客服人很好不错的一次购物,2022-11-28 15:30:25,5
10058592166008,机器和品牌都很过硬，已经买了不下30台了，应该准备点下礼物才行哦。继续支持！,2022-10-27 16:07:58,5
10058592166008,运行流畅，产品很好，主机很好用,2022-10-24 10:46:55,5
10058592166008,头一次购买，真心不错。第1台机子出了一点小问题售后很热心周到的帮忙解决。点赞。,2022-09-26 09:22:20,5
10058592166008,不错价格实惠质量不错，开机速度很快。。。。。。。。。,2022-10-31 15:46:08,5
10058592166008,外观简约，很好用，很流畅。,2022-10-24 11:25:06,5
10058592166008,发货速度很快，外观也不错??服务很好,2022-09-27 19:02:10,5
10058592166008,非常非常非常好的电家，速度快,2022-10-29 08:01:01,5
